,NV,V1,V2,V3,V4,V5,V6,V7,V8,V9,V10,V11,NV_CURR
1/11/21,0.0007414,0.0007414,0.0007414,0.0007414,0.0007414,0.0007414,0.0007414,0.0007414,0.0007414,0.0007414,0.0007414,0.0007414,0.0007414
1/12/21,0.00082951,0.00082749,0.00074702,0.00074702,0.00074702,0.00074702,0.00073116,0.00073116,0.00074702,0.00074702,0.00073116,0.00073116,0.00074814
1/13/21,0.00098817,0.00098211,0.00075806,0.00075806,0.00075806,0.00075806,0.00071473,0.00071473,0.00075806,0.00075806,0.00071473,0.00071473,0.00076128
1/14/21,0.0011358,0.0011252,0.00076861,0.00076861,0.00076861,0.00076861,0.00070212,0.00070212,0.00076861,0.00076861,0.00070212,0.00070212,0.00077387
1/15/21,0.0012834,0.0012676,0.00077851,0.00077851,0.00077851,0.00077851,0.00069144,0.00069144,0.00077851,0.00077851,0.00069144,0.00069144,0.00078584
1/16/21,0.0014366,0.0014142,0.00078758,0.00078758,0.00078758,0.00078758,0.00068162,0.00068162,0.00078758,0.00078758,0.00068162,0.00068162,0.00079713
1/17/21,0.0015978,0.0015668,0.00079555,0.00079555,0.00079555,0.00079555,0.00067189,0.00067189,0.00079555,0.00079555,0.00067189,0.00067189,0.00080771
1/18/21,0.0017675,0.0017258,0.00080237,0.00080237,0.00080237,0.00080237,0.00066195,0.00066195,0.00080237,0.00080237,0.00066195,0.00066195,0.00081753
1/19/21,0.0019453,0.0018904,0.00080801,0.00080801,0.00080801,0.00080801,0.00065166,0.00065166,0.00080801,0.00080801,0.00065166,0.00065166,0.00082657
1/20/21,0.0021298,0.002059,0.00081246,0.00081246,0.00081246,0.00081246,0.00064095,0.00064095,0.00081246,0.00081246,0.00064095,0.00064095,0.00083479
1/21/21,0.0023188,0.0022295,0.0008157,0.0008157,0.0008157,0.0008157,0.0006298,0.0006298,0.0008157,0.0008157,0.0006298,0.0006298,0.00084215
1/22/21,0.0025096,0.0023992,0.00081772,0.00081772,0.00081772,0.00081772,0.00061822,0.00061822,0.00081772,0.00081772,0.00061822,0.00061822,0.00084864
1/23/21,0.002699,0.002565,0.00081849,0.00081849,0.00081849,0.00081849,0.00060624,0.00060624,0.00081849,0.00081849,0.00060624,0.00060624,0.00085423
1/24/21,0.0028832,0.0027235,0.00081802,0.00081802,0.00081802,0.00081802,0.00059387,0.00059387,0.00081802,0.00081802,0.00059387,0.00059387,0.00085888
1/25/21,0.0030585,0.0028713,0.00081632,0.00081632,0.00081632,0.00081632,0.00058117,0.00058117,0.00081632,0.00081632,0.00058117,0.00058117,0.00086259
1/26/21,0.0032209,0.0030053,0.00081338,0.00081338,0.00081338,0.00081338,0.00056816,0.00056816,0.00081338,0.00081338,0.00056816,0.00056816,0.00086533
1/27/21,0.0033667,0.0031224,0.00080923,0.00080923,0.00080923,0.00080923,0.00055489,0.00055489,0.00080923,0.00080923,0.00055489,0.00055489,0.00086709
1/28/21,0.0034925,0.00322,0.0008039,0.0008039,0.0008039,0.0008039,0.0005414,0.0005414,0.0008039,0.0008039,0.0005414,0.0005414,0.00086786
1/29/21,0.0035957,0.0032962,0.0007974,0.0007974,0.0007974,0.0007974,0.00052772,0.00052772,0.0007974,0.0007974,0.00052772,0.00052772,0.00086764
1/30/21,0.0036742,0.0033497,0.00078978,0.00078978,0.00078978,0.00078978,0.00051389,0.00051389,0.00078978,0.00078978,0.00051389,0.00051389,0.00086641
1/31/21,0.0037268,0.0033799,0.00078108,0.00078108,0.00078108,0.00078108,0.00049996,0.00049996,0.00078108,0.00078108,0.00049996,0.00049996,0.00086419
2/1/21,0.0037531,0.0033869,0.00077135,0.00077135,0.00077135,0.00077135,0.00048595,0.00048595,0.00077135,0.00077135,0.00048595,0.00048595,0.00086098
2/2/21,0.0037535,0.0033715,0.00076147,0.00076063,0.0007608,0.00076063,0.00047203,0.00047191,0.00076063,0.00076063,0.00047191,0.00047191,0.00085679
2/3/21,0.0037289,0.0033349,0.00077981,0.00074899,0.00075514,0.00074899,0.00046206,0.00045787,0.00074899,0.00074899,0.00045787,0.00045787,0.00085165
2/4/21,0.0036811,0.0032788,0.00085924,0.00073651,0.00076083,0.00073651,0.00046031,0.00044387,0.00073651,0.00073651,0.00044387,0.00044387,0.00084557
2/5/21,0.0036122,0.0032053,0.00096041,0.00072329,0.00076967,0.00072329,0.00046108,0.00042997,0.00072329,0.00072329,0.00042997,0.00042997,0.00083857
2/6/21,0.0035244,0.0031165,0.0010467,0.0007094,0.000774,0.0007094,0.00045918,0.00041619,0.0007094,0.0007094,0.00041619,0.00041619,0.00083071
2/7/21,0.0034205,0.0030149,0.0011254,0.00069489,0.00077525,0.00069489,0.0004556,0.00040255,0.00069489,0.00069489,0.00040255,0.00040255,0.00082199
2/8/21,0.0033031,0.0029029,0.0011999,0.00067984,0.00077424,0.00067984,0.00045092,0.00038908,0.00067984,0.00067984,0.00038908,0.00038908,0.00081248
2/9/21,0.0031748,0.0027828,0.0012717,0.00066432,0.00077144,0.00066432,0.00044547,0.00037581,0.00066432,0.00066432,0.00037581,0.00037581,0.0008022
2/10/21,0.0030382,0.0026567,0.0013414,0.0006484,0.00076715,0.0006484,0.00043946,0.00036275,0.0006484,0.0006484,0.00036275,0.00036275,0.00079121
2/11/21,0.0028958,0.0025267,0.0014088,0.00063215,0.00076156,0.00063215,0.00043302,0.00034991,0.00063215,0.00063215,0.00034991,0.00034991,0.00077956
2/12/21,0.0027498,0.0023946,0.0014735,0.00061563,0.00075479,0.00061563,0.00042624,0.00033732,0.00061563,0.00061563,0.00033732,0.00033732,0.00076729
2/13/21,0.0026022,0.002262,0.0015348,0.0005989,0.00074694,0.0005989,0.00041917,0.00032499,0.0005989,0.0005989,0.00032499,0.00032499,0.00075445
2/14/21,0.0024546,0.0021303,0.0015921,0.00058202,0.00073807,0.00058202,0.00041185,0.00031292,0.00058202,0.00058202,0.00031292,0.00031292,0.0007411
2/15/21,0.0023087,0.0020007,0.0016448,0.00056505,0.00072828,0.00056505,0.00040432,0.00030113,0.00056505,0.00056505,0.00030113,0.00030113,0.00072729
2/16/21,0.0021656,0.0018742,0.0016922,0.00054803,0.00071761,0.00054803,0.00039659,0.00028963,0.00054803,0.00054803,0.00028963,0.00028963,0.00071308
2/17/21,0.0020265,0.0017515,0.0017338,0.00053103,0.00070614,0.00053103,0.00038871,0.00027841,0.00053103,0.00053103,0.00027841,0.00027841,0.00069851
2/18/21,0.0018921,0.0016334,0.001769,0.00051408,0.00069393,0.00051408,0.00038067,0.00026749,0.00051408,0.00051408,0.00026749,0.00026749,0.00068364
2/19/21,0.0017631,0.0015202,0.0017975,0.00049723,0.00068106,0.00049723,0.00037252,0.00025686,0.00049723,0.00049723,0.00025686,0.00025686,0.00066852
2/20/21,0.0016399,0.0014123,0.001819,0.00048051,0.00066757,0.00048051,0.00036427,0.00024654,0.00048051,0.00048051,0.00024654,0.00024654,0.0006532
2/21/21,0.0015228,0.0013099,0.0018334,0.00046397,0.00065354,0.00046397,0.00035593,0.00023651,0.00046397,0.00046397,0.00023651,0.00023651,0.00063772
2/22/21,0.001412,0.0012131,0.0018406,0.00044763,0.00063904,0.00044763,0.00034753,0.00022679,0.00044763,0.00044763,0.00022679,0.00022679,0.00062214
2/23/21,0.0013076,0.0011219,0.0018407,0.00043153,0.00062413,0.00043153,0.00033908,0.00021736,0.00043153,0.00043153,0.00021736,0.00021736,0.00060648
2/24/21,0.0012094,0.0010363,0.0018338,0.0004157,0.00060887,0.0004157,0.0003306,0.00020824,0.0004157,0.0004157,0.00020824,0.00020824,0.0005908
2/25/21,0.0011175,0.00095621,0.0018203,0.00040015,0.00059332,0.00040015,0.00032211,0.00019941,0.00040015,0.00040015,0.00019941,0.00019941,0.00057513
2/26/21,0.0010316,0.00088137,0.0018004,0.00038491,0.00057755,0.00038491,0.00031362,0.00019087,0.00038491,0.00038491,0.00019087,0.00019087,0.00055951
2/27/21,0.00095158,0.00081165,0.0017747,0.00036999,0.00056161,0.00036999,0.00030515,0.00018262,0.00036999,0.00036999,0.00018262,0.00018262,0.00054397
2/28/21,0.00087714,0.00074683,0.0017436,0.00035542,0.00054555,0.00035542,0.00029671,0.00017466,0.00035542,0.00035542,0.00017466,0.00017466,0.00052854
3/1/21,0.00080805,0.00068668,0.0017077,0.0003412,0.00052942,0.0003412,0.00028832,0.00016698,0.0003412,0.0003412,0.00016698,0.00016698,0.00051324
3/2/21,0.00074402,0.00063096,0.0016674,0.00032735,0.00051328,0.00032735,0.00027999,0.00015957,0.00032735,0.00032735,0.00015957,0.00015957,0.00049811
3/3/21,0.00068478,0.00057942,0.0016234,0.00031387,0.00049716,0.00031387,0.00027174,0.00015244,0.00031387,0.00031387,0.00015244,0.00015244,0.00048317
3/4/21,0.00063003,0.00053181,0.0015763,0.00030077,0.00048112,0.00030077,0.00026356,0.00014557,0.00030077,0.00030077,0.00014557,0.00014557,0.00046843
3/5/21,0.00057951,0.0004879,0.0015265,0.00028805,0.00046518,0.00028805,0.00025548,0.00013896,0.00028805,0.00028805,0.00013896,0.00013896,0.00045392
3/6/21,0.00053292,0.00044743,0.0014747,0.00027572,0.00044939,0.00027572,0.00024751,0.00013261,0.00027572,0.00027572,0.00013261,0.00013261,0.00043966
3/7/21,0.00049001,0.00041017,0.0014213,0.00026378,0.00043378,0.00026378,0.00023964,0.0001265,0.00026378,0.00026378,0.0001265,0.0001265,0.00042564
3/8/21,0.00045051,0.0003759,0.0013668,0.00025223,0.00041838,0.00025223,0.0002319,0.00012064,0.00025223,0.00025223,0.00012064,0.00012064,0.0004119
3/9/21,0.00041417,0.00034441,0.0013117,0.00024107,0.00040321,0.00024107,0.00022428,0.00011501,0.00024107,0.00024107,0.00011501,0.00011501,0.00039843
3/10/21,0.00038078,0.00031549,0.0012563,0.0002305,0.00038835,0.00023033,0.00021685,0.00010964,0.00023029,0.00023029,0.00010961,0.00010961,0.00038525
3/11/21,0.00035009,0.00028894,0.0012011,0.00022044,0.00037381,0.00022,0.00020959,0.0001045,0.00021989,0.00021989,0.00010443,0.00010443,0.00037237
3/12/21,0.00032191,0.00026459,0.0011464,0.0002107,0.00035955,0.00021002,0.00020246,9.96E-05,0.00020986,0.00020986,9.95E-05,9.95E-05,0.00035979
3/13/21,0.00029603,0.00024227,0.0010923,0.00020127,0.00034558,0.00020041,0.00019547,9.48E-05,0.00020021,0.00020021,9.47E-05,9.47E-05,0.00034751
3/14/21,0.00027228,0.00022181,0.0010393,0.00019399,0.00033257,0.00019151,0.00018892,9.05E-05,0.00019091,0.00019091,9.02E-05,9.02E-05,0.00033554
3/15/21,0.00025049,0.00020306,0.00098738,0.00018831,0.00032032,0.00018321,0.00018272,8.64E-05,0.00018198,0.00018198,8.58E-05,8.58E-05,0.00032388
3/16/21,0.0002305,0.0001859,0.00093686,0.00018301,0.00030837,0.00017524,0.00017672,8.25E-05,0.0001734,0.0001734,8.16E-05,8.16E-05,0.00031253
3/17/21,0.00021216,0.00017019,0.00088783,0.00018043,0.00029748,0.00016805,0.00017139,7.90E-05,0.00016516,0.00016516,7.76E-05,7.76E-05,0.00030149
3/18/21,0.00019533,0.00015581,0.0008404,0.00018239,0.00028818,0.000162,0.00016714,7.62E-05,0.00015726,0.00015726,7.38E-05,7.38E-05,0.00029076
3/19/21,0.0001799,0.00014265,0.00079468,0.00018796,0.00028017,0.00015686,0.00016374,7.39E-05,0.00014968,0.00014968,7.02E-05,7.02E-05,0.00028034
3/20/21,0.00016574,0.00013062,0.0007507,0.00019556,0.00027293,0.00015227,0.00016085,7.19E-05,0.00014243,0.00014243,6.67E-05,6.67E-05,0.00027022
3/21/21,0.00015276,0.00011961,0.00070852,0.00020328,0.0002658,0.00014783,0.00015802,7.00E-05,0.00013548,0.00013548,6.34E-05,6.34E-05,0.00026041
3/22/21,0.00014084,0.00010955,0.00066815,0.00021001,0.00025846,0.0001433,0.00015496,6.80E-05,0.00012883,0.00012883,6.02E-05,6.02E-05,0.0002509
3/23/21,0.00012991,0.00010035,0.00062959,0.00021685,0.00025123,0.00013888,0.00015195,6.60E-05,0.00012248,0.00012248,5.72E-05,5.72E-05,0.00024168
3/24/21,0.00011988,9.19E-05,0.00059282,0.00022375,0.00024409,0.00013458,0.00014897,6.42E-05,0.0001164,0.0001164,5.44E-05,5.44E-05,0.00023275
3/25/21,0.00011067,8.42E-05,0.00055783,0.00023009,0.00023687,0.00013027,0.00014586,6.23E-05,0.0001106,0.0001106,5.16E-05,5.16E-05,0.00022411
3/26/21,0.00010222,7.72E-05,0.00052459,0.00023609,0.00022966,0.00012599,0.0001427,6.04E-05,0.00010506,0.00010506,4.90E-05,4.90E-05,0.00021575
3/27/21,9.45E-05,7.08E-05,0.00049304,0.00024187,0.0002225,0.00012178,0.0001395,5.86E-05,9.98E-05,9.98E-05,4.65E-05,4.65E-05,0.00020767
3/28/21,8.73E-05,6.49E-05,0.00046314,0.00024749,0.00021542,0.00011765,0.0001363,5.67E-05,9.47E-05,9.47E-05,4.42E-05,4.42E-05,0.00019985
3/29/21,8.08E-05,5.95E-05,0.00043485,0.00025296,0.00020845,0.00011362,0.0001331,5.50E-05,8.99E-05,8.99E-05,4.19E-05,4.19E-05,0.0001923
3/30/21,7.47E-05,5.46E-05,0.0004081,0.00025829,0.0002016,0.00010968,0.00012992,5.32E-05,8.53E-05,8.53E-05,3.98E-05,3.98E-05,0.00018501
3/31/21,6.92E-05,5.01E-05,0.00038283,0.00026347,0.00019488,0.00010584,0.00012676,5.15E-05,8.09E-05,8.09E-05,3.77E-05,3.77E-05,0.00017797
4/1/21,6.41E-05,4.60E-05,0.00035899,0.0002685,0.00018829,0.00010211,0.00012362,4.99E-05,7.68E-05,7.68E-05,3.58E-05,3.58E-05,0.00017117
4/2/21,5.94E-05,4.22E-05,0.00033652,0.00027334,0.00018184,9.85E-05,0.00012051,4.83E-05,7.28E-05,7.28E-05,3.39E-05,3.39E-05,0.00016462
4/3/21,5.51E-05,3.87E-05,0.00031535,0.00027799,0.00017554,9.49E-05,0.00011744,4.67E-05,6.90E-05,6.90E-05,3.22E-05,3.22E-05,0.00015829
4/4/21,5.11E-05,3.56E-05,0.00029543,0.00028244,0.00016938,9.15E-05,0.00011439,4.52E-05,6.54E-05,6.54E-05,3.05E-05,3.05E-05,0.0001522
4/5/21,4.75E-05,3.27E-05,0.00027669,0.00028665,0.00016337,8.82E-05,0.00011139,4.37E-05,6.20E-05,6.20E-05,2.89E-05,2.89E-05,0.00014632
4/6/21,4.41E-05,3.01E-05,0.00025907,0.00029062,0.00015751,8.49E-05,0.00010842,4.22E-05,5.88E-05,5.88E-05,2.74E-05,2.74E-05,0.00014065
4/7/21,4.10E-05,2.76E-05,0.00024252,0.00029432,0.0001518,8.18E-05,0.00010549,4.08E-05,5.57E-05,5.57E-05,2.60E-05,2.60E-05,0.0001352
4/8/21,3.81E-05,2.54E-05,0.00022698,0.00029775,0.00014624,7.87E-05,0.0001026,3.95E-05,5.27E-05,5.27E-05,2.46E-05,2.46E-05,0.00012994
4/9/21,3.55E-05,2.34E-05,0.0002124,0.00030088,0.00014083,7.58E-05,9.98E-05,3.82E-05,4.99E-05,4.99E-05,2.34E-05,2.34E-05,0.00012488
4/10/21,3.30E-05,2.15E-05,0.00019872,0.00030371,0.00013557,7.29E-05,9.70E-05,3.69E-05,4.73E-05,4.73E-05,2.21E-05,2.21E-05,0.00012001
4/11/21,3.08E-05,1.98E-05,0.00018589,0.00030623,0.00013045,7.02E-05,9.42E-05,3.56E-05,4.48E-05,4.48E-05,2.10E-05,2.10E-05,0.00011532
4/12/21,2.87E-05,1.82E-05,0.00017387,0.00030841,0.00012549,6.75E-05,9.15E-05,3.44E-05,4.24E-05,4.24E-05,1.99E-05,1.99E-05,0.00011081
4/13/21,2.68E-05,1.68E-05,0.00016261,0.00031027,0.00012067,6.49E-05,8.88E-05,3.32E-05,4.01E-05,4.01E-05,1.88E-05,1.88E-05,0.00010646
4/14/21,2.50E-05,1.55E-05,0.00015206,0.00031179,0.000116,6.24E-05,8.62E-05,3.21E-05,3.79E-05,3.79E-05,1.78E-05,1.78E-05,0.00010229
4/15/21,2.33E-05,1.43E-05,0.00014218,0.00031296,0.00011148,5.99E-05,8.36E-05,3.10E-05,3.59E-05,3.59E-05,1.69E-05,1.69E-05,9.83E-05
4/16/21,2.18E-05,1.31E-05,0.00013293,0.00031379,0.00010852,5.84E-05,8.24E-05,3.04E-05,3.39E-05,3.39E-05,1.60E-05,1.60E-05,9.44E-05
4/17/21,2.04E-05,1.21E-05,0.00012428,0.00031428,0.00010664,5.76E-05,8.21E-05,3.03E-05,3.21E-05,3.21E-05,1.51E-05,1.51E-05,9.07E-05
4/18/21,1.91E-05,1.12E-05,0.00011618,0.00031442,0.00010437,5.66E-05,8.13E-05,3.00E-05,3.04E-05,3.04E-05,1.43E-05,1.43E-05,8.71E-05
4/19/21,1.78E-05,1.03E-05,0.00010861,0.00031422,0.00010191,5.54E-05,8.04E-05,2.96E-05,2.87E-05,2.87E-05,1.36E-05,1.36E-05,8.37E-05
4/20/21,1.67E-05,9.53E-06,0.00010153,0.00031369,9.93E-05,5.41E-05,7.93E-05,2.92E-05,2.71E-05,2.71E-05,1.28E-05,1.28E-05,8.04E-05
4/21/21,1.57E-05,8.80E-06,9.49E-05,0.00031283,9.67E-05,5.28E-05,7.82E-05,2.87E-05,2.56E-05,2.56E-05,1.21E-05,1.21E-05,7.72E-05
4/22/21,1.47E-05,8.13E-06,8.87E-05,0.00031164,9.41E-05,5.15E-05,7.70E-05,2.83E-05,2.42E-05,2.42E-05,1.15E-05,1.15E-05,7.42E-05
4/23/21,1.38E-05,7.51E-06,8.29E-05,0.00031015,9.15E-05,5.02E-05,7.57E-05,2.78E-05,2.29E-05,2.29E-05,1.09E-05,1.09E-05,7.12E-05
4/24/21,1.29E-05,6.95E-06,7.75E-05,0.00030836,8.90E-05,4.90E-05,7.45E-05,2.73E-05,2.16E-05,2.16E-05,1.03E-05,1.03E-05,6.84E-05
4/25/21,1.21E-05,6.42E-06,7.25E-05,0.00030627,8.64E-05,4.77E-05,7.32E-05,2.68E-05,2.04E-05,2.04E-05,9.74E-06,9.74E-06,6.57E-05
4/26/21,1.14E-05,5.94E-06,6.77E-05,0.00030391,8.39E-05,4.64E-05,7.19E-05,2.63E-05,1.93E-05,1.93E-05,9.21E-06,9.21E-06,6.31E-05
4/27/21,1.07E-05,5.50E-06,6.33E-05,0.00030128,8.15E-05,4.52E-05,7.06E-05,2.58E-05,1.82E-05,1.82E-05,8.71E-06,8.71E-06,6.06E-05
4/28/21,1.01E-05,5.09E-06,5.92E-05,0.0002984,7.91E-05,4.40E-05,6.93E-05,2.54E-05,1.72E-05,1.72E-05,8.24E-06,8.24E-06,5.82E-05
4/29/21,9.49E-06,4.71E-06,5.53E-05,0.00029528,7.67E-05,4.28E-05,6.81E-05,2.49E-05,1.62E-05,1.62E-05,7.80E-06,7.80E-06,5.59E-05
4/30/21,8.94E-06,4.37E-06,5.17E-05,0.00029193,7.44E-05,4.16E-05,6.68E-05,2.44E-05,1.53E-05,1.53E-05,7.37E-06,7.37E-06,5.37E-05
5/1/21,8.42E-06,4.04E-06,4.84E-05,0.00028838,7.22E-05,4.05E-05,6.55E-05,2.40E-05,1.45E-05,1.45E-05,6.97E-06,6.97E-06,5.16E-05
5/2/21,7.94E-06,3.75E-06,4.52E-05,0.00028463,6.99E-05,3.94E-05,6.42E-05,2.35E-05,1.37E-05,1.37E-05,6.59E-06,6.59E-06,4.96E-05
5/3/21,7.48E-06,3.48E-06,4.23E-05,0.00028071,6.78E-05,3.83E-05,6.29E-05,2.31E-05,1.29E-05,1.29E-05,6.24E-06,6.24E-06,4.76E-05
5/4/21,7.06E-06,3.22E-06,3.96E-05,0.00027661,6.57E-05,3.72E-05,6.16E-05,2.26E-05,1.22E-05,1.22E-05,5.90E-06,5.90E-06,4.57E-05
5/5/21,6.66E-06,2.99E-06,3.70E-05,0.00027237,6.36E-05,3.61E-05,6.03E-05,2.22E-05,1.15E-05,1.15E-05,5.58E-06,5.58E-06,4.39E-05
5/6/21,6.29E-06,2.78E-06,3.46E-05,0.00026798,6.16E-05,3.51E-05,5.91E-05,2.17E-05,1.08E-05,1.08E-05,5.27E-06,5.27E-06,4.22E-05
5/7/21,5.94E-06,2.58E-06,3.24E-05,0.00026348,5.96E-05,3.41E-05,5.78E-05,2.13E-05,1.02E-05,1.02E-05,4.98E-06,4.98E-06,4.05E-05
5/8/21,5.62E-06,2.39E-06,3.03E-05,0.00025886,5.77E-05,3.31E-05,5.65E-05,2.09E-05,9.63E-06,9.63E-06,4.71E-06,4.71E-06,3.89E-05
5/9/21,5.31E-06,2.22E-06,2.83E-05,0.00025415,5.58E-05,3.21E-05,5.53E-05,2.04E-05,9.08E-06,9.08E-06,4.45E-06,4.45E-06,3.74E-05
5/10/21,5.03E-06,2.06E-06,2.65E-05,0.00024935,5.40E-05,3.11E-05,5.40E-05,2.00E-05,8.56E-06,8.56E-06,4.21E-06,4.21E-06,3.59E-05
5/11/21,4.76E-06,1.92E-06,2.48E-05,0.00024449,5.22E-05,3.02E-05,5.28E-05,1.96E-05,8.07E-06,8.07E-06,3.98E-06,3.98E-06,3.45E-05
5/12/21,4.50E-06,1.78E-06,2.32E-05,0.00023956,5.05E-05,2.93E-05,5.16E-05,1.92E-05,7.61E-06,7.61E-06,3.76E-06,3.76E-06,3.32E-05
5/13/21,4.27E-06,1.66E-06,2.18E-05,0.00023458,4.88E-05,2.84E-05,5.04E-05,1.88E-05,7.17E-06,7.17E-06,3.55E-06,3.55E-06,3.19E-05
5/14/21,4.04E-06,1.54E-06,2.04E-05,0.00022957,4.71E-05,2.75E-05,4.92E-05,1.84E-05,6.76E-06,6.76E-06,3.36E-06,3.36E-06,3.06E-05
5/15/21,3.83E-06,1.44E-06,1.91E-05,0.00022452,4.55E-05,2.67E-05,4.80E-05,1.80E-05,6.37E-06,6.37E-06,3.18E-06,3.18E-06,2.94E-05
5/16/21,3.63E-06,1.34E-06,1.79E-05,0.00021946,4.45E-05,2.62E-05,4.75E-05,1.78E-05,6.01E-06,6.01E-06,3.00E-06,3.00E-06,2.83E-05
5/17/21,3.45E-06,1.24E-06,1.67E-05,0.0002144,4.39E-05,2.60E-05,4.75E-05,1.79E-05,5.66E-06,5.66E-06,2.84E-06,2.84E-06,2.72E-05
5/18/21,3.27E-06,1.16E-06,1.57E-05,0.00020933,4.31E-05,2.57E-05,4.72E-05,1.79E-05,5.33E-06,5.33E-06,2.68E-06,2.68E-06,2.61E-05
5/19/21,3.11E-06,1.08E-06,1.47E-05,0.00020427,4.23E-05,2.53E-05,4.69E-05,1.79E-05,5.02E-06,5.02E-06,2.53E-06,2.53E-06,2.51E-05
5/20/21,2.95E-06,1.00E-06,1.38E-05,0.00019923,4.14E-05,2.49E-05,4.65E-05,1.78E-05,4.73E-06,4.73E-06,2.39E-06,2.39E-06,2.41E-05
5/21/21,2.80E-06,9.36E-07,1.29E-05,0.00019421,4.05E-05,2.45E-05,4.60E-05,1.77E-05,4.46E-06,4.46E-06,2.26E-06,2.26E-06,2.32E-05
5/22/21,2.66E-06,8.73E-07,1.21E-05,0.00018922,3.96E-05,2.40E-05,4.55E-05,1.76E-05,4.20E-06,4.20E-06,2.14E-06,2.14E-06,2.23E-05
5/23/21,2.53E-06,8.14E-07,1.13E-05,0.00018427,3.87E-05,2.36E-05,4.49E-05,1.75E-05,3.95E-06,3.95E-06,2.02E-06,2.02E-06,2.14E-05
5/24/21,2.41E-06,7.59E-07,1.06E-05,0.00017936,3.78E-05,2.32E-05,4.44E-05,1.74E-05,3.72E-06,3.72E-06,1.91E-06,1.91E-06,2.06E-05
5/25/21,2.29E-06,7.08E-07,9.95E-06,0.0001745,3.69E-05,2.27E-05,4.38E-05,1.73E-05,3.50E-06,3.50E-06,1.80E-06,1.80E-06,1.98E-05
5/26/21,2.18E-06,6.60E-07,9.33E-06,0.00016969,3.60E-05,2.23E-05,4.33E-05,1.72E-05,3.30E-06,3.30E-06,1.70E-06,1.70E-06,1.90E-05
5/27/21,2.08E-06,6.16E-07,8.75E-06,0.00016495,3.51E-05,2.18E-05,4.27E-05,1.70E-05,3.11E-06,3.11E-06,1.61E-06,1.61E-06,1.83E-05
5/28/21,1.98E-06,5.75E-07,8.21E-06,0.00016026,3.43E-05,2.14E-05,4.21E-05,1.69E-05,2.92E-06,2.92E-06,1.52E-06,1.52E-06,1.76E-05
5/29/21,1.88E-06,5.37E-07,7.71E-06,0.00015564,3.34E-05,2.10E-05,4.15E-05,1.68E-05,2.75E-06,2.75E-06,1.44E-06,1.44E-06,1.69E-05
5/30/21,1.79E-06,5.01E-07,7.23E-06,0.00015109,3.26E-05,2.06E-05,4.10E-05,1.66E-05,2.59E-06,2.59E-06,1.36E-06,1.36E-06,1.62E-05
5/31/21,1.71E-06,4.68E-07,6.79E-06,0.00014661,3.18E-05,2.01E-05,4.04E-05,1.65E-05,2.44E-06,2.44E-06,1.28E-06,1.28E-06,1.56E-05
6/1/21,1.63E-06,4.37E-07,6.37E-06,0.0001422,3.10E-05,1.97E-05,3.98E-05,1.63E-05,2.29E-06,2.29E-06,1.21E-06,1.21E-06,1.50E-05
6/2/21,1.55E-06,4.09E-07,5.98E-06,0.00013788,3.02E-05,1.93E-05,3.92E-05,1.62E-05,2.16E-06,2.16E-06,1.14E-06,1.14E-06,1.44E-05
6/3/21,1.48E-06,3.82E-07,5.62E-06,0.00013363,2.94E-05,1.89E-05,3.86E-05,1.60E-05,2.03E-06,2.03E-06,1.08E-06,1.08E-06,1.39E-05
6/4/21,1.41E-06,3.57E-07,5.28E-06,0.00012946,2.87E-05,1.85E-05,3.79E-05,1.58E-05,1.91E-06,1.91E-06,1.02E-06,1.02E-06,1.33E-05
6/5/21,1.35E-06,3.34E-07,4.96E-06,0.00012538,2.79E-05,1.81E-05,3.73E-05,1.57E-05,1.80E-06,1.80E-06,9.64E-07,9.64E-07,1.28E-05
6/6/21,1.29E-06,3.12E-07,4.66E-06,0.00012139,2.72E-05,1.77E-05,3.67E-05,1.55E-05,1.69E-06,1.69E-06,9.11E-07,9.11E-07,1.23E-05
6/7/21,1.23E-06,2.92E-07,4.38E-06,0.00011748,2.65E-05,1.73E-05,3.61E-05,1.54E-05,1.59E-06,1.59E-06,8.61E-07,8.61E-07,1.19E-05
6/8/21,1.17E-06,2.73E-07,4.11E-06,0.00011365,2.58E-05,1.69E-05,3.55E-05,1.52E-05,1.50E-06,1.50E-06,8.13E-07,8.13E-07,1.14E-05
6/9/21,1.12E-06,2.56E-07,3.87E-06,0.00010992,2.51E-05,1.65E-05,3.49E-05,1.50E-05,1.41E-06,1.41E-06,7.68E-07,7.68E-07,1.10E-05
6/10/21,1.07E-06,2.39E-07,3.64E-06,0.00010627,2.44E-05,1.62E-05,3.43E-05,1.48E-05,1.32E-06,1.32E-06,7.26E-07,7.26E-07,1.06E-05
6/11/21,1.02E-06,2.24E-07,3.42E-06,0.00010271,2.37E-05,1.58E-05,3.36E-05,1.47E-05,1.25E-06,1.25E-06,6.86E-07,6.86E-07,1.02E-05
6/12/21,9.78E-07,2.10E-07,3.22E-06,9.92E-05,2.31E-05,1.54E-05,3.30E-05,1.45E-05,1.17E-06,1.17E-06,6.48E-07,6.48E-07,9.78E-06
6/13/21,9.35E-07,1.96E-07,3.03E-06,9.59E-05,2.25E-05,1.51E-05,3.24E-05,1.43E-05,1.10E-06,1.10E-06,6.12E-07,6.12E-07,9.41E-06
6/14/21,8.95E-07,1.84E-07,2.85E-06,9.26E-05,2.18E-05,1.47E-05,3.18E-05,1.41E-05,1.04E-06,1.04E-06,5.79E-07,5.79E-07,9.06E-06
6/15/21,8.56E-07,1.72E-07,2.68E-06,8.93E-05,2.15E-05,1.45E-05,3.16E-05,1.41E-05,9.74E-07,9.74E-07,5.47E-07,5.47E-07,8.71E-06
6/16/21,8.19E-07,1.62E-07,2.52E-06,8.62E-05,2.13E-05,1.45E-05,3.17E-05,1.43E-05,9.16E-07,9.16E-07,5.17E-07,5.17E-07,8.39E-06
6/17/21,7.83E-07,1.51E-07,2.37E-06,8.32E-05,2.10E-05,1.44E-05,3.16E-05,1.44E-05,8.61E-07,8.61E-07,4.88E-07,4.88E-07,8.07E-06
6/18/21,7.50E-07,1.42E-07,2.24E-06,8.02E-05,2.07E-05,1.43E-05,3.15E-05,1.45E-05,8.10E-07,8.10E-07,4.62E-07,4.62E-07,7.77E-06
6/19/21,7.18E-07,1.33E-07,2.11E-06,7.74E-05,2.04E-05,1.41E-05,3.14E-05,1.45E-05,7.61E-07,7.61E-07,4.36E-07,4.36E-07,7.47E-06
6/20/21,6.87E-07,1.25E-07,1.98E-06,7.46E-05,2.01E-05,1.40E-05,3.12E-05,1.46E-05,7.16E-07,7.16E-07,4.12E-07,4.12E-07,7.19E-06
6/21/21,6.58E-07,1.17E-07,1.87E-06,7.19E-05,1.97E-05,1.38E-05,3.10E-05,1.46E-05,6.73E-07,6.73E-07,3.90E-07,3.90E-07,6.92E-06
6/22/21,6.30E-07,1.10E-07,1.76E-06,6.93E-05,1.94E-05,1.37E-05,3.08E-05,1.46E-05,6.33E-07,6.33E-07,3.69E-07,3.69E-07,6.67E-06
6/23/21,6.04E-07,1.03E-07,1.66E-06,6.67E-05,1.91E-05,1.35E-05,3.05E-05,1.46E-05,5.95E-07,5.95E-07,3.48E-07,3.48E-07,6.42E-06
6/24/21,5.78E-07,9.71E-08,1.56E-06,6.43E-05,1.87E-05,1.33E-05,3.03E-05,1.46E-05,5.60E-07,5.60E-07,3.29E-07,3.29E-07,6.18E-06
6/25/21,5.54E-07,9.13E-08,1.48E-06,6.19E-05,1.84E-05,1.32E-05,3.00E-05,1.46E-05,5.26E-07,5.26E-07,3.11E-07,3.11E-07,5.95E-06
6/26/21,5.31E-07,8.58E-08,1.39E-06,5.96E-05,1.81E-05,1.30E-05,2.98E-05,1.46E-05,4.95E-07,4.95E-07,2.95E-07,2.95E-07,5.73E-06
6/27/21,5.09E-07,8.07E-08,1.31E-06,5.73E-05,1.77E-05,1.28E-05,2.95E-05,1.46E-05,4.65E-07,4.65E-07,2.79E-07,2.79E-07,5.51E-06
6/28/21,4.88E-07,7.59E-08,1.24E-06,5.52E-05,1.74E-05,1.27E-05,2.92E-05,1.45E-05,4.37E-07,4.37E-07,2.63E-07,2.63E-07,5.31E-06
6/29/21,4.68E-07,7.14E-08,1.17E-06,5.31E-05,1.71E-05,1.25E-05,2.90E-05,1.45E-05,4.11E-07,4.11E-07,2.49E-07,2.49E-07,5.11E-06
6/30/21,4.49E-07,6.72E-08,1.10E-06,5.10E-05,1.68E-05,1.23E-05,2.87E-05,1.45E-05,3.87E-07,3.87E-07,2.36E-07,2.36E-07,4.92E-06
7/1/21,4.31E-07,6.33E-08,1.04E-06,4.91E-05,1.64E-05,1.21E-05,2.84E-05,1.44E-05,3.64E-07,3.64E-07,2.23E-07,2.23E-07,4.74E-06
7/2/21,4.13E-07,5.97E-08,9.82E-07,4.72E-05,1.61E-05,1.20E-05,2.81E-05,1.44E-05,3.42E-07,3.42E-07,2.11E-07,2.11E-07,4.57E-06
7/3/21,3.97E-07,5.62E-08,9.28E-07,4.53E-05,1.58E-05,1.18E-05,2.78E-05,1.44E-05,3.22E-07,3.22E-07,2.00E-07,2.00E-07,4.40E-06
7/4/21,3.81E-07,5.30E-08,8.76E-07,4.36E-05,1.55E-05,1.16E-05,2.75E-05,1.43E-05,3.03E-07,3.03E-07,1.89E-07,1.89E-07,4.24E-06
7/5/21,3.65E-07,5.00E-08,8.27E-07,4.18E-05,1.52E-05,1.15E-05,2.72E-05,1.43E-05,2.85E-07,2.85E-07,1.79E-07,1.79E-07,4.08E-06
7/6/21,3.51E-07,4.72E-08,7.82E-07,4.02E-05,1.49E-05,1.13E-05,2.69E-05,1.42E-05,2.68E-07,2.68E-07,1.69E-07,1.69E-07,3.93E-06
7/7/21,3.37E-07,4.46E-08,7.39E-07,3.86E-05,1.46E-05,1.12E-05,2.69E-05,1.43E-05,2.72E-07,2.56E-07,1.79E-07,1.63E-07,3.79E-06
7/8/21,3.23E-07,4.22E-08,6.98E-07,3.71E-05,1.43E-05,1.13E-05,2.71E-05,1.46E-05,2.89E-07,2.47E-07,2.01E-07,1.60E-07,3.65E-06
7/9/21,3.11E-07,3.99E-08,6.60E-07,3.56E-05,1.40E-05,1.13E-05,2.73E-05,1.48E-05,3.01E-07,2.38E-07,2.17E-07,1.55E-07,3.52E-06
7/10/21,2.99E-07,3.77E-08,6.24E-07,3.41E-05,1.37E-05,1.13E-05,2.73E-05,1.50E-05,3.09E-07,2.29E-07,2.32E-07,1.51E-07,3.39E-06
7/11/21,2.87E-07,3.57E-08,5.90E-07,3.28E-05,1.35E-05,1.13E-05,2.74E-05,1.51E-05,3.15E-07,2.19E-07,2.45E-07,1.46E-07,3.27E-06
7/12/21,2.76E-07,3.38E-08,5.57E-07,3.14E-05,1.32E-05,1.12E-05,2.74E-05,1.53E-05,3.21E-07,2.10E-07,2.58E-07,1.41E-07,3.15E-06
7/13/21,2.65E-07,3.21E-08,5.27E-07,3.02E-05,1.29E-05,1.12E-05,2.74E-05,1.54E-05,3.25E-07,2.01E-07,2.70E-07,1.37E-07,3.03E-06
7/14/21,2.55E-07,3.04E-08,4.99E-07,2.89E-05,1.26E-05,1.12E-05,2.74E-05,1.55E-05,3.30E-07,1.93E-07,2.83E-07,1.32E-07,2.92E-06
7/15/21,2.45E-07,2.89E-08,4.72E-07,2.77E-05,1.24E-05,1.11E-05,2.73E-05,1.56E-05,3.34E-07,1.84E-07,2.97E-07,1.28E-07,2.82E-06
7/16/21,2.35E-07,2.75E-08,4.46E-07,2.66E-05,1.21E-05,1.11E-05,2.73E-05,1.58E-05,3.38E-07,1.76E-07,3.11E-07,1.23E-07,2.72E-06
7/17/21,2.26E-07,2.61E-08,4.22E-07,2.55E-05,1.18E-05,1.10E-05,2.73E-05,1.59E-05,3.42E-07,1.69E-07,3.26E-07,1.19E-07,2.62E-06
7/18/21,2.18E-07,2.49E-08,4.00E-07,2.44E-05,1.16E-05,1.09E-05,2.72E-05,1.60E-05,3.46E-07,1.61E-07,3.42E-07,1.15E-07,2.52E-06
7/19/21,2.10E-07,2.37E-08,3.79E-07,2.34E-05,1.13E-05,1.09E-05,2.71E-05,1.60E-05,3.50E-07,1.54E-07,3.58E-07,1.11E-07,2.43E-06
7/20/21,2.02E-07,2.26E-08,3.58E-07,2.24E-05,1.11E-05,1.08E-05,2.71E-05,1.61E-05,3.54E-07,1.48E-07,3.75E-07,1.08E-07,2.35E-06
7/21/21,1.94E-07,2.15E-08,3.39E-07,2.15E-05,1.08E-05,1.08E-05,2.70E-05,1.62E-05,3.58E-07,1.42E-07,3.93E-07,1.04E-07,2.26E-06
7/22/21,1.87E-07,2.06E-08,3.21E-07,2.06E-05,1.06E-05,1.07E-05,2.69E-05,1.63E-05,3.62E-07,1.35E-07,4.11E-07,1.01E-07,2.18E-06
7/23/21,1.80E-07,1.97E-08,3.04E-07,1.97E-05,1.03E-05,1.06E-05,2.68E-05,1.65E-05,3.67E-07,1.31E-07,4.31E-07,9.86E-08,2.10E-06
7/24/21,1.73E-07,1.88E-08,2.88E-07,1.89E-05,1.01E-05,1.06E-05,2.67E-05,1.69E-05,3.71E-07,1.28E-07,4.51E-07,9.79E-08,2.03E-06
7/25/21,1.67E-07,1.80E-08,2.73E-07,1.81E-05,9.87E-06,1.05E-05,2.66E-05,1.72E-05,3.75E-07,1.25E-07,4.73E-07,9.71E-08,1.96E-06
7/26/21,1.61E-07,1.73E-08,2.59E-07,1.73E-05,9.64E-06,1.04E-05,2.65E-05,1.76E-05,3.79E-07,1.22E-07,4.95E-07,9.60E-08,1.89E-06
7/27/21,1.55E-07,1.66E-08,2.45E-07,1.66E-05,9.41E-06,1.04E-05,2.64E-05,1.79E-05,3.84E-07,1.19E-07,5.19E-07,9.47E-08,1.82E-06
7/28/21,1.49E-07,1.59E-08,2.33E-07,1.59E-05,9.19E-06,1.03E-05,2.63E-05,1.82E-05,3.88E-07,1.16E-07,5.44E-07,9.34E-08,1.76E-06
7/29/21,1.44E-07,1.53E-08,2.21E-07,1.52E-05,8.98E-06,1.02E-05,2.61E-05,1.85E-05,3.92E-07,1.13E-07,5.69E-07,9.21E-08,1.69E-06
7/30/21,1.38E-07,1.48E-08,2.09E-07,1.45E-05,8.76E-06,1.01E-05,2.60E-05,1.88E-05,3.97E-07,1.10E-07,5.97E-07,9.07E-08,1.63E-06
7/31/21,1.33E-07,1.42E-08,1.98E-07,1.39E-05,8.55E-06,1.01E-05,2.59E-05,1.90E-05,4.01E-07,1.07E-07,6.25E-07,8.93E-08,1.58E-06
8/1/21,1.29E-07,1.37E-08,1.88E-07,1.33E-05,8.35E-06,9.98E-06,2.57E-05,1.93E-05,4.06E-07,1.04E-07,6.55E-07,8.79E-08,1.52E-06
8/2/21,1.24E-07,1.33E-08,1.79E-07,1.27E-05,8.15E-06,9.90E-06,2.56E-05,1.96E-05,4.10E-07,1.01E-07,6.86E-07,8.66E-08,1.47E-06
8/3/21,1.20E-07,1.28E-08,1.69E-07,1.21E-05,7.95E-06,9.81E-06,2.54E-05,1.98E-05,4.15E-07,9.82E-08,7.18E-07,8.53E-08,1.42E-06
8/4/21,1.15E-07,1.24E-08,1.61E-07,1.16E-05,7.75E-06,9.73E-06,2.52E-05,2.01E-05,4.20E-07,9.55E-08,7.52E-07,8.39E-08,1.37E-06
8/5/21,1.11E-07,1.20E-08,1.53E-07,1.11E-05,7.56E-06,9.64E-06,2.51E-05,2.03E-05,4.24E-07,9.29E-08,7.88E-07,8.26E-08,1.32E-06
8/6/21,1.07E-07,1.17E-08,1.45E-07,1.06E-05,7.37E-06,9.56E-06,2.49E-05,2.05E-05,4.29E-07,9.03E-08,8.25E-07,8.14E-08,1.27E-06
8/7/21,1.04E-07,1.13E-08,1.38E-07,1.01E-05,7.19E-06,9.47E-06,2.47E-05,2.08E-05,4.34E-07,8.78E-08,8.64E-07,8.01E-08,1.23E-06
8/8/21,1.00E-07,1.10E-08,1.31E-07,9.70E-06,7.01E-06,9.38E-06,2.45E-05,2.10E-05,4.38E-07,8.54E-08,9.05E-07,7.89E-08,1.19E-06
8/9/21,9.66E-08,1.07E-08,1.24E-07,9.27E-06,6.83E-06,9.29E-06,2.43E-05,2.12E-05,4.43E-07,8.31E-08,9.47E-07,7.77E-08,1.14E-06
8/10/21,9.33E-08,1.05E-08,1.18E-07,8.86E-06,6.66E-06,9.20E-06,2.41E-05,2.14E-05,4.48E-07,8.08E-08,9.92E-07,7.65E-08,1.10E-06
8/11/21,9.01E-08,1.02E-08,1.12E-07,8.46E-06,6.49E-06,9.11E-06,2.39E-05,2.16E-05,4.53E-07,7.86E-08,1.04E-06,7.53E-08,1.07E-06
8/12/21,8.71E-08,9.95E-09,1.07E-07,8.09E-06,6.32E-06,9.02E-06,2.37E-05,2.18E-05,4.58E-07,7.65E-08,1.09E-06,7.41E-08,1.03E-06
8/13/21,8.41E-08,9.73E-09,1.01E-07,7.72E-06,6.16E-06,8.93E-06,2.35E-05,2.20E-05,4.63E-07,7.44E-08,1.14E-06,7.30E-08,9.94E-07
8/14/21,8.13E-08,9.52E-09,9.64E-08,7.38E-06,6.00E-06,8.83E-06,2.33E-05,2.22E-05,4.68E-07,7.24E-08,1.19E-06,7.19E-08,9.60E-07
8/15/21,7.86E-08,9.32E-09,9.17E-08,7.05E-06,5.84E-06,8.74E-06,2.31E-05,2.23E-05,4.73E-07,7.05E-08,1.24E-06,7.08E-08,9.27E-07
8/16/21,7.60E-08,9.13E-09,8.72E-08,6.73E-06,5.68E-06,8.64E-06,2.29E-05,2.25E-05,4.78E-07,6.86E-08,1.30E-06,6.97E-08,8.96E-07
8/17/21,7.35E-08,8.95E-09,8.30E-08,6.43E-06,5.53E-06,8.54E-06,2.26E-05,2.26E-05,4.82E-07,6.68E-08,1.36E-06,6.86E-08,8.65E-07
8/18/21,7.11E-08,8.79E-09,7.90E-08,6.14E-06,5.39E-06,8.45E-06,2.24E-05,2.28E-05,4.87E-07,6.50E-08,1.42E-06,6.76E-08,8.35E-07
8/19/21,6.88E-08,8.64E-09,7.52E-08,5.86E-06,5.24E-06,8.35E-06,2.22E-05,2.29E-05,4.92E-07,6.33E-08,1.48E-06,6.65E-08,8.07E-07
8/20/21,6.65E-08,8.49E-09,7.16E-08,5.59E-06,5.10E-06,8.25E-06,2.19E-05,2.30E-05,4.97E-07,6.16E-08,1.55E-06,6.55E-08,7.80E-07
8/21/21,6.44E-08,8.36E-09,6.82E-08,5.34E-06,4.96E-06,8.14E-06,2.17E-05,2.31E-05,5.02E-07,6.00E-08,1.62E-06,6.45E-08,7.53E-07
8/22/21,6.23E-08,8.23E-09,6.50E-08,5.10E-06,4.82E-06,8.04E-06,2.14E-05,2.32E-05,5.07E-07,5.89E-08,1.69E-06,6.43E-08,7.28E-07
8/23/21,6.04E-08,8.11E-09,6.20E-08,4.86E-06,4.69E-06,7.94E-06,2.12E-05,2.33E-05,5.12E-07,5.84E-08,1.76E-06,6.49E-08,7.03E-07
8/24/21,5.85E-08,8.00E-09,5.91E-08,4.64E-06,4.55E-06,7.83E-06,2.09E-05,2.33E-05,5.17E-07,5.80E-08,1.84E-06,6.53E-08,6.79E-07
8/25/21,5.67E-08,7.90E-09,5.63E-08,4.43E-06,4.42E-06,7.72E-06,2.06E-05,2.34E-05,5.22E-07,5.74E-08,1.92E-06,6.56E-08,6.56E-07
8/26/21,5.49E-08,7.80E-09,5.37E-08,4.22E-06,4.29E-06,7.61E-06,2.04E-05,2.34E-05,5.27E-07,5.68E-08,2.00E-06,6.57E-08,6.34E-07
8/27/21,5.32E-08,7.71E-09,5.13E-08,4.03E-06,4.17E-06,7.50E-06,2.01E-05,2.35E-05,5.31E-07,5.61E-08,2.08E-06,6.58E-08,6.13E-07
8/28/21,5.16E-08,7.63E-09,4.89E-08,3.84E-06,4.04E-06,7.39E-06,1.98E-05,2.35E-05,5.36E-07,5.53E-08,2.17E-06,6.58E-08,5.93E-07
8/29/21,5.00E-08,7.54E-09,4.67E-08,3.66E-06,3.92E-06,7.27E-06,1.95E-05,2.35E-05,5.40E-07,5.46E-08,2.25E-06,6.58E-08,5.73E-07
8/30/21,4.85E-08,7.47E-09,4.46E-08,3.49E-06,3.80E-06,7.16E-06,1.92E-05,2.34E-05,5.44E-07,5.38E-08,2.34E-06,6.58E-08,5.54E-07
8/31/21,4.71E-08,7.40E-09,4.26E-08,3.32E-06,3.68E-06,7.04E-06,1.89E-05,2.34E-05,5.48E-07,5.30E-08,2.43E-06,6.57E-08,5.35E-07
9/1/21,4.57E-08,7.33E-09,4.07E-08,3.16E-06,3.57E-06,6.91E-06,1.86E-05,2.33E-05,5.51E-07,5.22E-08,2.52E-06,6.56E-08,5.18E-07
9/2/21,4.44E-08,7.27E-09,3.89E-08,3.01E-06,3.45E-06,6.79E-06,1.82E-05,2.32E-05,5.55E-07,5.14E-08,2.61E-06,6.55E-08,5.00E-07
9/3/21,4.31E-08,7.21E-09,3.71E-08,2.87E-06,3.34E-06,6.66E-06,1.79E-05,2.31E-05,5.58E-07,5.06E-08,2.70E-06,6.53E-08,4.84E-07
9/4/21,4.18E-08,7.15E-09,3.55E-08,2.73E-06,3.23E-06,6.53E-06,1.76E-05,2.30E-05,5.60E-07,4.98E-08,2.79E-06,6.51E-08,4.68E-07
9/5/21,4.06E-08,7.10E-09,3.39E-08,2.59E-06,3.12E-06,6.40E-06,1.72E-05,2.29E-05,5.63E-07,4.90E-08,2.88E-06,6.49E-08,4.53E-07
9/6/21,3.95E-08,7.05E-09,3.24E-08,2.46E-06,3.01E-06,6.27E-06,1.69E-05,2.27E-05,5.65E-07,4.82E-08,2.97E-06,6.46E-08,4.38E-07
9/7/21,3.84E-08,7.01E-09,3.10E-08,2.34E-06,2.90E-06,6.13E-06,1.65E-05,2.25E-05,5.66E-07,4.74E-08,3.06E-06,6.43E-08,4.23E-07
9/8/21,3.73E-08,6.96E-09,2.96E-08,2.22E-06,2.80E-06,6.00E-06,1.62E-05,2.23E-05,5.67E-07,4.65E-08,3.14E-06,6.39E-08,4.10E-07
9/9/21,3.63E-08,6.92E-09,2.83E-08,2.11E-06,2.70E-06,5.86E-06,1.58E-05,2.21E-05,5.68E-07,4.57E-08,3.22E-06,6.35E-08,3.96E-07
9/10/21,3.53E-08,6.88E-09,2.71E-08,2.00E-06,2.60E-06,5.72E-06,1.55E-05,2.19E-05,5.68E-07,4.48E-08,3.30E-06,6.30E-08,3.83E-07
9/11/21,3.44E-08,6.84E-09,2.59E-08,1.90E-06,2.50E-06,5.58E-06,1.51E-05,2.16E-05,5.67E-07,4.40E-08,3.38E-06,6.26E-08,3.71E-07
9/12/21,3.35E-08,6.81E-09,2.48E-08,1.80E-06,2.40E-06,5.44E-06,1.47E-05,2.14E-05,5.66E-07,4.31E-08,3.45E-06,6.20E-08,3.59E-07
9/13/21,3.26E-08,6.77E-09,2.37E-08,1.70E-06,2.31E-06,5.29E-06,1.43E-05,2.11E-05,5.65E-07,4.22E-08,3.52E-06,6.15E-08,3.47E-07
9/14/21,3.18E-08,6.74E-09,2.27E-08,1.61E-06,2.22E-06,5.15E-06,1.39E-05,2.08E-05,5.63E-07,4.14E-08,3.59E-06,6.08E-08,3.36E-07
9/15/21,3.09E-08,6.71E-09,2.18E-08,1.52E-06,2.13E-06,5.01E-06,1.36E-05,2.04E-05,5.60E-07,4.05E-08,3.65E-06,6.02E-08,3.25E-07
9/16/21,3.02E-08,6.68E-09,2.09E-08,1.44E-06,2.04E-06,4.86E-06,1.32E-05,2.01E-05,5.57E-07,3.96E-08,3.71E-06,5.95E-08,3.15E-07
9/17/21,2.94E-08,6.66E-09,2.00E-08,1.36E-06,1.95E-06,4.72E-06,1.28E-05,1.98E-05,5.54E-07,3.88E-08,3.76E-06,5.88E-08,3.05E-07
9/18/21,2.87E-08,6.63E-09,1.92E-08,1.29E-06,1.87E-06,4.57E-06,1.24E-05,1.94E-05,5.49E-07,3.79E-08,3.80E-06,5.80E-08,2.95E-07
9/19/21,2.80E-08,6.61E-09,1.84E-08,1.21E-06,1.79E-06,4.43E-06,1.20E-05,1.90E-05,5.45E-07,3.70E-08,3.84E-06,5.72E-08,2.86E-07
9/20/21,2.73E-08,6.59E-09,1.77E-08,1.14E-06,1.71E-06,4.29E-06,1.16E-05,1.86E-05,5.40E-07,3.61E-08,3.87E-06,5.64E-08,2.77E-07
9/21/21,2.67E-08,6.56E-09,1.70E-08,1.08E-06,1.63E-06,4.15E-06,1.13E-05,1.82E-05,5.34E-07,3.55E-08,3.90E-06,5.62E-08,2.68E-07
9/22/21,2.60E-08,6.54E-09,1.63E-08,1.02E-06,1.56E-06,4.01E-06,1.09E-05,1.78E-05,5.28E-07,3.52E-08,3.92E-06,5.64E-08,2.60E-07
9/23/21,2.54E-08,6.52E-09,1.57E-08,9.57E-07,1.49E-06,3.87E-06,1.05E-05,1.74E-05,5.22E-07,3.49E-08,3.94E-06,5.66E-08,2.52E-07
9/24/21,2.49E-08,6.51E-09,1.51E-08,9.01E-07,1.42E-06,3.73E-06,1.01E-05,1.70E-05,5.15E-07,3.45E-08,3.95E-06,5.65E-08,2.44E-07
9/25/21,2.43E-08,6.49E-09,1.46E-08,8.47E-07,1.35E-06,3.59E-06,9.78E-06,1.66E-05,5.07E-07,3.40E-08,3.95E-06,5.64E-08,2.36E-07
9/26/21,2.38E-08,6.47E-09,1.41E-08,7.96E-07,1.28E-06,3.46E-06,9.42E-06,1.61E-05,5.00E-07,3.35E-08,3.95E-06,5.61E-08,2.29E-07
9/27/21,2.33E-08,6.46E-09,1.36E-08,7.48E-07,1.22E-06,3.33E-06,9.07E-06,1.57E-05,4.91E-07,3.30E-08,3.94E-06,5.57E-08,2.22E-07
9/28/21,2.28E-08,6.44E-09,1.31E-08,7.02E-07,1.16E-06,3.20E-06,8.72E-06,1.53E-05,4.83E-07,3.24E-08,3.93E-06,5.53E-08,2.15E-07
9/29/21,2.23E-08,6.43E-09,1.27E-08,6.59E-07,1.10E-06,3.07E-06,8.38E-06,1.48E-05,4.74E-07,3.19E-08,3.91E-06,5.49E-08,2.08E-07
9/30/21,2.18E-08,6.41E-09,1.23E-08,6.18E-07,1.04E-06,2.94E-06,8.04E-06,1.44E-05,4.65E-07,3.13E-08,3.89E-06,5.44E-08,2.02E-07
10/1/21,2.14E-08,6.40E-09,1.19E-08,5.79E-07,9.88E-07,2.82E-06,7.71E-06,1.40E-05,4.55E-07,3.07E-08,3.86E-06,5.38E-08,1.96E-07
10/2/21,2.09E-08,6.39E-09,1.15E-08,5.42E-07,9.35E-07,2.70E-06,7.39E-06,1.35E-05,4.46E-07,3.01E-08,3.82E-06,5.32E-08,1.90E-07
10/3/21,2.05E-08,6.37E-09,1.12E-08,5.08E-07,8.85E-07,2.59E-06,7.07E-06,1.31E-05,4.36E-07,2.95E-08,3.78E-06,5.25E-08,1.84E-07
10/4/21,2.01E-08,6.36E-09,1.08E-08,4.75E-07,8.37E-07,2.47E-06,6.76E-06,1.26E-05,4.25E-07,2.89E-08,3.74E-06,5.19E-08,1.79E-07
10/5/21,1.97E-08,6.35E-09,1.05E-08,4.44E-07,7.91E-07,2.36E-06,6.46E-06,1.22E-05,4.15E-07,2.83E-08,3.69E-06,5.11E-08,1.73E-07
10/6/21,1.94E-08,6.34E-09,1.03E-08,4.15E-07,7.47E-07,2.25E-06,6.17E-06,1.18E-05,4.04E-07,2.77E-08,3.63E-06,5.04E-08,1.68E-07
10/7/21,1.90E-08,6.33E-09,1.00E-08,3.88E-07,7.05E-07,2.15E-06,5.89E-06,1.14E-05,3.94E-07,2.71E-08,3.57E-06,4.96E-08,1.63E-07
10/8/21,1.87E-08,6.32E-09,9.76E-09,3.62E-07,6.64E-07,2.05E-06,5.61E-06,1.09E-05,3.83E-07,2.65E-08,3.51E-06,4.88E-08,1.58E-07
10/9/21,1.83E-08,6.31E-09,9.53E-09,3.38E-07,6.26E-07,1.95E-06,5.34E-06,1.05E-05,3.72E-07,2.59E-08,3.45E-06,4.79E-08,1.53E-07
10/10/21,1.80E-08,6.30E-09,9.31E-09,3.15E-07,5.89E-07,1.85E-06,5.08E-06,1.01E-05,3.61E-07,2.53E-08,3.38E-06,4.71E-08,1.49E-07
10/11/21,1.77E-08,6.29E-09,9.11E-09,2.93E-07,5.54E-07,1.76E-06,4.83E-06,9.73E-06,3.50E-07,2.47E-08,3.31E-06,4.62E-08,1.45E-07
10/12/21,1.74E-08,6.28E-09,8.92E-09,2.73E-07,5.21E-07,1.67E-06,4.59E-06,9.34E-06,3.39E-07,2.41E-08,3.24E-06,4.53E-08,1.40E-07
10/13/21,1.71E-08,6.27E-09,8.75E-09,2.54E-07,4.89E-07,1.58E-06,4.36E-06,8.96E-06,3.28E-07,2.35E-08,3.16E-06,4.44E-08,1.36E-07
10/14/21,1.68E-08,6.27E-09,8.59E-09,2.37E-07,4.59E-07,1.50E-06,4.13E-06,8.58E-06,3.17E-07,2.29E-08,3.08E-06,4.34E-08,1.32E-07
10/15/21,1.66E-08,6.26E-09,8.43E-09,2.20E-07,4.31E-07,1.42E-06,3.91E-06,8.21E-06,3.06E-07,2.24E-08,3.00E-06,4.25E-08,1.29E-07
10/16/21,1.63E-08,6.25E-09,8.29E-09,2.05E-07,4.04E-07,1.34E-06,3.71E-06,7.85E-06,2.95E-07,2.18E-08,2.92E-06,4.15E-08,1.25E-07
10/17/21,1.61E-08,6.24E-09,8.16E-09,1.90E-07,3.79E-07,1.27E-06,3.51E-06,7.51E-06,2.85E-07,2.13E-08,2.84E-06,4.06E-08,1.21E-07
10/18/21,1.58E-08,6.24E-09,8.04E-09,1.77E-07,3.55E-07,1.20E-06,3.32E-06,7.18E-06,2.75E-07,2.08E-08,2.77E-06,3.97E-08,1.18E-07
10/19/21,1.56E-08,6.23E-09,7.94E-09,1.65E-07,3.33E-07,1.14E-06,3.14E-06,6.87E-06,2.65E-07,2.03E-08,2.69E-06,3.88E-08,1.15E-07
10/20/21,1.54E-08,6.23E-09,7.83E-09,1.53E-07,3.12E-07,1.08E-06,2.97E-06,6.56E-06,2.56E-07,1.98E-08,2.62E-06,3.79E-08,1.11E-07
10/21/21,1.52E-08,6.22E-09,7.74E-09,1.43E-07,2.93E-07,1.02E-06,2.81E-06,6.27E-06,2.46E-07,1.95E-08,2.54E-06,3.74E-08,1.08E-07
10/22/21,1.50E-08,6.22E-09,7.66E-09,1.33E-07,2.74E-07,9.62E-07,2.66E-06,5.99E-06,2.37E-07,1.93E-08,2.47E-06,3.72E-08,1.05E-07
10/23/21,1.48E-08,6.22E-09,7.58E-09,1.24E-07,2.57E-07,9.09E-07,2.52E-06,5.73E-06,2.29E-07,1.91E-08,2.40E-06,3.70E-08,1.02E-07
10/24/21,1.46E-08,6.21E-09,7.51E-09,1.15E-07,2.41E-07,8.59E-07,2.38E-06,5.47E-06,2.20E-07,1.89E-08,2.33E-06,3.66E-08,9.95E-08
10/25/21,1.44E-08,6.21E-09,7.44E-09,1.07E-07,2.26E-07,8.12E-07,2.25E-06,5.22E-06,2.12E-07,1.87E-08,2.26E-06,3.63E-08,9.68E-08
10/26/21,1.42E-08,6.21E-09,7.38E-09,1.00E-07,2.12E-07,7.67E-07,2.13E-06,4.99E-06,2.05E-07,1.84E-08,2.19E-06,3.59E-08,9.41E-08
10/27/21,1.40E-08,6.21E-09,7.33E-09,9.32E-08,1.98E-07,7.24E-07,2.01E-06,4.76E-06,1.97E-07,1.82E-08,2.13E-06,3.55E-08,9.16E-08
10/28/21,1.39E-08,6.21E-09,7.28E-09,8.69E-08,1.86E-07,6.84E-07,1.90E-06,4.55E-06,1.90E-07,1.80E-08,2.06E-06,3.51E-08,8.91E-08
10/29/21,1.37E-08,6.20E-09,7.23E-09,8.11E-08,1.74E-07,6.46E-07,1.80E-06,4.34E-06,1.83E-07,1.77E-08,2.00E-06,3.47E-08,8.68E-08
10/30/21,1.35E-08,6.20E-09,7.19E-09,7.57E-08,1.64E-07,6.10E-07,1.70E-06,4.14E-06,1.76E-07,1.75E-08,1.94E-06,3.42E-08,8.45E-08
10/31/21,1.34E-08,6.20E-09,7.15E-09,7.07E-08,1.53E-07,5.76E-07,1.60E-06,3.95E-06,1.69E-07,1.73E-08,1.88E-06,3.38E-08,8.23E-08
11/1/21,1.32E-08,6.20E-09,7.11E-09,6.60E-08,1.44E-07,5.44E-07,1.51E-06,3.77E-06,1.63E-07,1.71E-08,1.82E-06,3.34E-08,8.01E-08
11/2/21,1.31E-08,6.20E-09,7.08E-09,6.18E-08,1.35E-07,5.14E-07,1.43E-06,3.60E-06,1.57E-07,1.69E-08,1.77E-06,3.30E-08,7.80E-08
11/3/21,1.30E-08,6.20E-09,7.05E-09,5.78E-08,1.27E-07,4.85E-07,1.35E-06,3.43E-06,1.51E-07,1.67E-08,1.71E-06,3.26E-08,7.60E-08
11/4/21,1.28E-08,6.20E-09,7.02E-09,5.41E-08,1.19E-07,4.58E-07,1.28E-06,3.28E-06,1.45E-07,1.65E-08,1.66E-06,3.22E-08,7.41E-08
11/5/21,1.27E-08,6.20E-09,6.99E-09,5.07E-08,1.12E-07,4.33E-07,1.21E-06,3.13E-06,1.40E-07,1.63E-08,1.61E-06,3.18E-08,7.22E-08
11/6/21,1.26E-08,6.19E-09,6.97E-09,4.75E-08,1.05E-07,4.09E-07,1.14E-06,2.98E-06,1.35E-07,1.61E-08,1.56E-06,3.15E-08,7.04E-08
11/7/21,1.25E-08,6.19E-09,6.95E-09,4.46E-08,9.85E-08,3.86E-07,1.07E-06,2.85E-06,1.30E-07,1.59E-08,1.51E-06,3.11E-08,6.86E-08
11/8/21,1.24E-08,6.19E-09,6.93E-09,4.19E-08,9.26E-08,3.65E-07,1.02E-06,2.72E-06,1.25E-07,1.57E-08,1.46E-06,3.07E-08,6.69E-08
11/9/21,1.23E-08,6.19E-09,6.91E-09,3.94E-08,8.70E-08,3.44E-07,9.59E-07,2.59E-06,1.20E-07,1.56E-08,1.42E-06,3.04E-08,6.53E-08
11/10/21,1.21E-08,6.19E-09,6.89E-09,3.71E-08,8.19E-08,3.25E-07,9.05E-07,2.47E-06,1.16E-07,1.54E-08,1.37E-06,3.00E-08,6.37E-08
11/11/21,1.20E-08,6.19E-09,6.88E-09,3.49E-08,7.70E-08,3.07E-07,8.55E-07,2.36E-06,1.12E-07,1.53E-08,1.33E-06,2.96E-08,6.21E-08
11/12/21,1.19E-08,6.19E-09,6.86E-09,3.30E-08,7.25E-08,2.90E-07,8.07E-07,2.25E-06,1.07E-07,1.51E-08,1.29E-06,2.93E-08,6.07E-08
11/13/21,1.19E-08,6.19E-09,6.85E-09,3.11E-08,6.83E-08,2.74E-07,7.63E-07,2.15E-06,1.04E-07,1.50E-08,1.25E-06,2.90E-08,5.92E-08
11/14/21,1.18E-08,6.19E-09,6.84E-09,2.94E-08,6.43E-08,2.59E-07,7.20E-07,2.05E-06,9.98E-08,1.48E-08,1.21E-06,2.86E-08,5.78E-08
11/15/21,1.17E-08,6.19E-09,6.83E-09,2.78E-08,6.07E-08,2.45E-07,6.80E-07,1.95E-06,9.61E-08,1.47E-08,1.17E-06,2.83E-08,5.65E-08
11/16/21,1.16E-08,6.19E-09,6.82E-09,2.64E-08,5.72E-08,2.31E-07,6.42E-07,1.86E-06,9.26E-08,1.45E-08,1.14E-06,2.80E-08,5.52E-08
11/17/21,1.15E-08,6.19E-09,6.81E-09,2.50E-08,5.40E-08,2.18E-07,6.07E-07,1.78E-06,8.93E-08,1.44E-08,1.10E-06,2.77E-08,5.39E-08
11/18/21,1.14E-08,6.19E-09,6.80E-09,2.38E-08,5.10E-08,2.07E-07,5.73E-07,1.70E-06,8.61E-08,1.43E-08,1.07E-06,2.73E-08,5.27E-08
11/19/21,1.13E-08,6.19E-09,6.79E-09,2.26E-08,4.82E-08,1.95E-07,5.41E-07,1.62E-06,8.30E-08,1.42E-08,1.03E-06,2.70E-08,5.15E-08
11/20/21,1.13E-08,6.19E-09,6.79E-09,2.16E-08,4.56E-08,1.85E-07,5.11E-07,1.55E-06,8.00E-08,1.41E-08,1.00E-06,2.69E-08,5.04E-08
11/21/21,1.12E-08,6.19E-09,6.78E-09,2.06E-08,4.32E-08,1.75E-07,4.83E-07,1.47E-06,7.72E-08,1.39E-08,9.70E-07,2.70E-08,4.92E-08
11/22/21,1.11E-08,6.19E-09,6.77E-09,1.97E-08,4.09E-08,1.65E-07,4.56E-07,1.41E-06,7.44E-08,1.38E-08,9.40E-07,2.71E-08,4.82E-08
11/23/21,1.11E-08,6.19E-09,6.77E-09,1.88E-08,3.88E-08,1.56E-07,4.31E-07,1.34E-06,7.18E-08,1.37E-08,9.11E-07,2.72E-08,4.71E-08
11/24/21,1.10E-08,6.19E-09,6.76E-09,1.80E-08,3.68E-08,1.48E-07,4.08E-07,1.28E-06,6.93E-08,1.36E-08,8.82E-07,2.72E-08,4.61E-08
11/25/21,1.09E-08,6.19E-09,6.76E-09,1.73E-08,3.49E-08,1.40E-07,3.85E-07,1.22E-06,6.69E-08,1.35E-08,8.55E-07,2.72E-08,4.52E-08
11/26/21,1.09E-08,6.19E-09,6.76E-09,1.66E-08,3.32E-08,1.32E-07,3.64E-07,1.17E-06,6.46E-08,1.34E-08,8.29E-07,2.71E-08,4.42E-08
11/27/21,1.08E-08,6.19E-09,6.75E-09,1.60E-08,3.16E-08,1.25E-07,3.44E-07,1.11E-06,6.24E-08,1.33E-08,8.03E-07,2.71E-08,4.33E-08
11/28/21,1.08E-08,6.19E-09,6.75E-09,1.54E-08,3.01E-08,1.19E-07,3.25E-07,1.06E-06,6.02E-08,1.33E-08,7.79E-07,2.71E-08,4.24E-08
11/29/21,1.07E-08,6.19E-09,6.74E-09,1.49E-08,2.87E-08,1.12E-07,3.07E-07,1.01E-06,5.82E-08,1.32E-08,7.55E-07,2.70E-08,4.16E-08
11/30/21,1.07E-08,6.19E-09,6.74E-09,1.44E-08,2.74E-08,1.07E-07,2.91E-07,9.69E-07,5.62E-08,1.31E-08,7.31E-07,2.70E-08,4.07E-08
12/1/21,1.06E-08,6.19E-09,6.74E-09,1.40E-08,2.61E-08,1.01E-07,2.75E-07,9.25E-07,5.43E-08,1.30E-08,7.09E-07,2.70E-08,3.99E-08
12/2/21,1.06E-08,6.19E-09,6.74E-09,1.35E-08,2.50E-08,9.58E-08,2.60E-07,8.83E-07,5.25E-08,1.29E-08,6.87E-07,2.69E-08,3.92E-08
12/3/21,1.05E-08,6.19E-09,6.73E-09,1.32E-08,2.39E-08,9.09E-08,2.46E-07,8.43E-07,5.08E-08,1.29E-08,6.66E-07,2.69E-08,3.84E-08
12/4/21,1.05E-08,6.19E-09,6.73E-09,1.28E-08,2.29E-08,8.62E-08,2.33E-07,8.05E-07,4.92E-08,1.28E-08,6.46E-07,2.68E-08,3.77E-08
12/5/21,1.04E-08,6.19E-09,6.73E-09,1.25E-08,2.20E-08,8.18E-08,2.20E-07,7.68E-07,4.76E-08,1.27E-08,6.27E-07,2.68E-08,3.70E-08
12/6/21,1.04E-08,6.19E-09,6.73E-09,1.21E-08,2.11E-08,7.77E-08,2.08E-07,7.34E-07,4.61E-08,1.27E-08,6.08E-07,2.67E-08,3.63E-08
12/7/21,1.03E-08,6.19E-09,6.73E-09,1.19E-08,2.03E-08,7.38E-08,1.97E-07,7.01E-07,4.46E-08,1.26E-08,5.89E-07,2.67E-08,3.56E-08
12/8/21,1.03E-08,6.19E-09,6.73E-09,1.16E-08,1.96E-08,7.02E-08,1.87E-07,6.69E-07,4.32E-08,1.25E-08,5.71E-07,2.66E-08,3.50E-08
12/9/21,1.03E-08,6.19E-09,6.72E-09,1.13E-08,1.89E-08,6.67E-08,1.77E-07,6.39E-07,4.19E-08,1.25E-08,5.54E-07,2.66E-08,3.44E-08
12/10/21,1.02E-08,6.19E-09,6.72E-09,1.11E-08,1.82E-08,6.34E-08,1.67E-07,6.11E-07,4.06E-08,1.24E-08,5.38E-07,2.65E-08,3.38E-08
12/11/21,1.02E-08,6.19E-09,6.72E-09,1.09E-08,1.76E-08,6.04E-08,1.58E-07,5.83E-07,3.93E-08,1.24E-08,5.21E-07,2.65E-08,3.32E-08
12/12/21,1.02E-08,6.19E-09,6.72E-09,1.07E-08,1.70E-08,5.75E-08,1.50E-07,5.57E-07,3.82E-08,1.23E-08,5.06E-07,2.64E-08,3.26E-08
12/13/21,1.01E-08,6.19E-09,6.72E-09,1.05E-08,1.65E-08,5.48E-08,1.42E-07,5.32E-07,3.70E-08,1.23E-08,4.91E-07,2.63E-08,3.21E-08
12/14/21,1.01E-08,6.19E-09,6.72E-09,1.04E-08,1.60E-08,5.22E-08,1.35E-07,5.09E-07,3.59E-08,1.22E-08,4.76E-07,2.63E-08,3.16E-08
12/15/21,1.01E-08,6.19E-09,6.72E-09,1.02E-08,1.55E-08,4.98E-08,1.28E-07,4.86E-07,3.49E-08,1.22E-08,4.62E-07,2.62E-08,3.11E-08
12/16/21,1.00E-08,6.19E-09,6.72E-09,1.01E-08,1.51E-08,4.75E-08,1.21E-07,4.64E-07,3.39E-08,1.21E-08,4.48E-07,2.62E-08,3.06E-08
12/17/21,1.00E-08,6.19E-09,6.72E-09,9.93E-09,1.47E-08,4.53E-08,1.15E-07,4.44E-07,3.29E-08,1.21E-08,4.35E-07,2.61E-08,3.01E-08
12/18/21,9.97E-09,6.19E-09,6.72E-09,9.81E-09,1.43E-08,4.33E-08,1.09E-07,4.24E-07,3.20E-08,1.20E-08,4.22E-07,2.61E-08,2.96E-08
12/19/21,9.94E-09,6.19E-09,6.72E-09,9.70E-09,1.39E-08,4.14E-08,1.04E-07,4.05E-07,3.11E-08,1.20E-08,4.10E-07,2.60E-08,2.92E-08
12/20/21,9.92E-09,6.19E-09,6.72E-09,9.59E-09,1.36E-08,3.96E-08,9.83E-08,3.88E-07,3.03E-08,1.19E-08,3.98E-07,2.60E-08,2.87E-08
12/21/21,9.89E-09,6.19E-09,6.71E-09,9.49E-09,1.33E-08,3.79E-08,9.34E-08,3.70E-07,2.95E-08,1.19E-08,3.86E-07,2.59E-08,2.83E-08
12/22/21,9.87E-09,6.19E-09,6.71E-09,9.40E-09,1.30E-08,3.63E-08,8.87E-08,3.54E-07,2.87E-08,1.19E-08,3.75E-07,2.58E-08,2.79E-08
12/23/21,9.84E-09,6.19E-09,6.71E-09,9.32E-09,1.27E-08,3.48E-08,8.43E-08,3.39E-07,2.80E-08,1.18E-08,3.64E-07,2.58E-08,2.75E-08
12/24/21,9.82E-09,6.19E-09,6.71E-09,9.24E-09,1.25E-08,3.34E-08,8.02E-08,3.24E-07,2.72E-08,1.18E-08,3.53E-07,2.57E-08,2.71E-08
12/25/21,9.80E-09,6.19E-09,6.71E-09,9.17E-09,1.23E-08,3.20E-08,7.63E-08,3.10E-07,2.66E-08,1.17E-08,3.43E-07,2.57E-08,2.68E-08
12/26/21,9.78E-09,6.19E-09,6.71E-09,9.10E-09,1.20E-08,3.08E-08,7.26E-08,2.96E-07,2.59E-08,1.17E-08,3.33E-07,2.56E-08,2.64E-08
12/27/21,9.75E-09,6.19E-09,6.71E-09,9.04E-09,1.18E-08,2.96E-08,6.91E-08,2.83E-07,2.53E-08,1.17E-08,3.24E-07,2.56E-08,2.61E-08
12/28/21,9.73E-09,6.19E-09,6.71E-09,8.98E-09,1.16E-08,2.85E-08,6.58E-08,2.71E-07,2.47E-08,1.17E-08,3.14E-07,2.55E-08,2.57E-08
12/29/21,9.71E-09,6.19E-09,6.71E-09,8.93E-09,1.15E-08,2.74E-08,6.27E-08,2.59E-07,2.41E-08,1.16E-08,3.05E-07,2.55E-08,2.54E-08
12/30/21,9.70E-09,6.19E-09,6.71E-09,8.88E-09,1.13E-08,2.64E-08,5.98E-08,2.48E-07,2.35E-08,1.16E-08,2.96E-07,2.54E-08,2.51E-08
12/31/21,9.68E-09,6.19E-09,6.71E-09,8.83E-09,1.11E-08,2.55E-08,5.70E-08,2.38E-07,2.30E-08,1.16E-08,2.88E-07,2.53E-08,2.48E-08
1/1/22,9.66E-09,6.19E-09,6.71E-09,8.79E-09,1.10E-08,2.46E-08,5.44E-08,2.27E-07,2.25E-08,1.15E-08,2.80E-07,2.53E-08,2.45E-08
1/2/22,9.64E-09,6.19E-09,6.71E-09,8.75E-09,1.09E-08,2.38E-08,5.19E-08,2.18E-07,2.20E-08,1.15E-08,2.72E-07,2.52E-08,2.42E-08
1/3/22,9.63E-09,6.19E-09,6.71E-09,8.72E-09,1.07E-08,2.30E-08,4.96E-08,2.08E-07,2.16E-08,1.15E-08,2.64E-07,2.52E-08,2.39E-08
1/4/22,9.61E-09,6.19E-09,6.71E-09,8.68E-09,1.06E-08,2.22E-08,4.74E-08,2.00E-07,2.11E-08,1.15E-08,2.57E-07,2.51E-08,2.36E-08
1/5/22,9.60E-09,6.19E-09,6.71E-09,8.65E-09,1.05E-08,2.15E-08,4.53E-08,1.91E-07,2.07E-08,1.14E-08,2.50E-07,2.51E-08,2.34E-08
1/6/22,9.58E-09,6.19E-09,6.71E-09,8.62E-09,1.04E-08,2.09E-08,4.34E-08,1.83E-07,2.03E-08,1.14E-08,2.43E-07,2.50E-08,2.31E-08
1/7/22,9.57E-09,6.19E-09,6.71E-09,8.60E-09,1.03E-08,2.02E-08,4.15E-08,1.75E-07,1.99E-08,1.14E-08,2.36E-07,2.50E-08,2.29E-08
1/8/22,9.55E-09,6.19E-09,6.71E-09,8.57E-09,1.02E-08,1.97E-08,3.98E-08,1.68E-07,1.95E-08,1.14E-08,2.29E-07,2.49E-08,2.26E-08
1/9/22,9.54E-09,6.19E-09,6.71E-09,8.55E-09,1.01E-08,1.91E-08,3.82E-08,1.61E-07,1.91E-08,1.13E-08,2.23E-07,2.48E-08,2.24E-08
1/10/22,9.53E-09,6.19E-09,6.71E-09,8.53E-09,1.01E-08,1.86E-08,3.66E-08,1.54E-07,1.88E-08,1.13E-08,2.17E-07,2.48E-08,2.22E-08
,,,,,,,,,,,,,
,,,,,,,,,,,,,